{
  "id": 1,
  "name": "Student Name",
  "studentId": 19532801,
  "scores": [
    98.285001,
    92.104919,
    94.184573,
    91.501711,
    96.171609
  ],
  "scoreAvg": 94.449563,
  "actions": [
    0,
    1,
    2,
    2,
    4,
    5,
    3
  ]
}
